Name,Ticker
"10X GENOMICS, INC.",TXG
180 LIFE SCIENCES CORP.,ATNF
"1LIFE HEALTHCARE, INC.",ONEM
"4D MOLECULAR THERAPEUTICS, INC.",FDMT
5:01 ACQUISITION CORP.,FVAM
7GC & CO. HOLDINGS INC.,VII
"89BIO, INC.",ETNB
"8X8, INC.",EGHT
"A10 NETWORKS, INC.",ATEN
ACADIA PHARMACEUTICALS INC.,ACAD
ACCURAY INCORPORATED,ARAY
"ACELRX PHARMACEUTICALS, INC.",ACRX
ACIES ACQUISITION CORP.,ACAC
"ACM RESEARCH, INC.",ACMR
"ACTIVISION BLIZZARD, INC.",ATVI
"ACUTUS MEDICAL, INC.",AFIB
"ADAMAS PHARMACEUTICALS, INC.",ADMS
ADAMIS PHARMACEUTICALS CORPORATION,ADMP
"ADITX THERAPEUTICS, INC.",ADTX
ADOBE INC.,ADBE
"ADVANCED MICRO DEVICES, INC.",AMD
ADVANTAGE SOLUTIONS INC.,ADV
"ADVERUM BIOTECHNOLOGIES, INC.",ADVM
AEHR TEST SYSTEMS,AEHR
"AEMETIS, INC.",AMTX
AEROCENTURY CORP.,ACY
"AEROJET ROCKETDYNE HOLDINGS, INC.",AJRD
"AETHLON MEDICAL, INC.",AEMD
"AFFIRM HOLDINGS, INC.",AFRM
"AGEX THERAPEUTICS, INC.",AGE
"AGILENT TECHNOLOGIES, INC.",A
AIR LEASE CORPORATION,AL
"AIRBNB, INC.",ABNB
"AIRGAIN, INC.",AIRG
"AKERO THERAPEUTICS, INC.",AKRO
"ALECTOR, INC.",ALEC
"ALEXANDRIA REAL ESTATE EQUITIES, INC.",ARE
"ALIGOS THERAPEUTICS, INC.",ALGS
ALLAKOS INC.,ALLK
"ALLIED ESPORTS ENTERTAINMENT, INC.",2AA.SG
"ALLOGENE THERAPEUTICS, INC.",ALLO
ALPHABET INC.,GOOG
"ALPHATEC HOLDINGS, INC.",ATEC
"ALTERYX, INC.",AYX
ALTIMETER GROWTH CORP.,AGC
ALTIMETER GROWTH CORP. 2,AGCB
ALX ONCOLOGY HOLDINGS INC.,ALXO
"A-MARK PRECIOUS METALS, INC.",AMRK
"AMBARELLA, INC.",AMBA
"AMERICAN ASSETS TRUST, INC.",AAT
AMERICAN RIVER BANKSHARES,AMRB
AMERICAN SHARED HOSPITAL SERVICES,AMS
AMERICAN STATES WATER COMPANY,AWR
AMERICAN VANGUARD CORPORATION,AVD
AMGEN INC.,AMGN
"AMPHASTAR PHARMACEUTICALS, INC.",AMPH
"AMYRIS, INC.",AMRS
"ANAPLAN, INC.",PLAN
"ANAPTYSBIO, INC.",ANAB
"ANIXA BIOSCIENCES, INC.",ANIX
"ANNEXON, INC.",ANNX
ANWORTH MORTGAGE ASSET CORPORATION,ANH
APEX TECHNOLOGY ACQUISITION CORPORATION,APXT
"APOLLO MEDICAL HOLDINGS, INC.",AMEH
"APPFOLIO, INC.",APPF
APPLE INC.,AAPL
"APPLIED MATERIALS, INC.",AMAT
APPLIED MOLECULAR TRANSPORT INC.,AMTI
"ARC DOCUMENT SOLUTIONS, INC.",ARC
"ARCADIA BIOSCIENCES, INC.",RKDA
ARCTURUS THERAPEUTICS HOLDINGS INC.,ARCT
"ARCUS BIOSCIENCES, INC.",RCUS
"ARCUTIS BIOTHERAPEUTICS, INC.",ARQT
"ARDELYX, INC.",ARDX
ARES MANAGEMENT CORPORATION,ARES
"ARIDIS PHARMACEUTICALS, INC.",ARDS
"ARISTA NETWORKS, INC.",ANET
"ARLO TECHNOLOGIES, INC.",ARLO
"ARMATA PHARMACEUTICALS, INC.",ARMP
"ARROWHEAD PHARMACEUTICALS, INC.",ARWR
"ARTELO BIOSCIENCES, INC.",ARTL
"ASANA, INC.",ASAN
"ASSEMBLY BIOSCIENCES, INC.",ASMB
"ASSETMARK FINANCIAL HOLDINGS, INC.",AMK
"ATARA BIOTHERAPEUTICS, INC.",ATRA
ATOMERA INCORPORATED,ATOM
"ATRECA, INC.",BCEL
"ATYR PHARMA, INC.",LIFE
"AUTODESK, INC.",ADSK
AVERY DENNISON CORPORATION,AVY
"AVID BIOSERVICES, INC.",CDMO
"AVIDITY BIOSCIENCES, INC.",RNA
"AVINGER, INC.",AVGR
"AVITA MEDICAL, INC.",RCEL
"AXONICS, INC.",AXNX
"AXT, INC.",AXTI
"B. RILEY FINANCIAL, INC.",RILY
"BANC OF CALIFORNIA, INC.",BANC
BANK OF COMMERCE HOLDINGS,BOCH
BANK OF MARIN BANCORP,BMRC
BAYCOM CORP,BCML
BCTG ACQUISITION CORP.,BCTG
BEAM GLOBAL,BEEM
BENITEC BIOPHARMA INC.,BNTC
"BERKELEY LIGHTS, INC.",BLI
"BEYOND MEAT, INC.",BYND
BIG 5 SPORTING GOODS CORPORATION,BGFV
"BILL.COM HOLDINGS, INC.",BILL
"BIOATLA, INC.",BCAB
"BIOCARDIA, INC.",BCDA
"BIOCEPT, INC.",BIOC
"BIOLASE, INC.",BIOL
BIOMARIN PHARMACEUTICAL INC.,BMRN
"BIOMERICA, INC.",BMRA
"BIONANO GENOMICS, INC.",BNGO
"BIO-RAD LABORATORIES, INC.",BIO
BIOVIE INC.,BIVI
"BJ’S RESTAURANTS, INC.",BJRI
"BLACKLINE, INC.",BL
BLACKROCK TCP CAPITAL CORP.,TCPC
BLOOM ENERGY CORPORATION,BE
"BOINGO WIRELESS, INC.",WIFI
"BOLT BIOTHERAPEUTICS, INC.",BOLT
"BOOT BARN HOLDINGS, INC.",BOOT
BOWX ACQUISITION CORP.,BOWXU
"BOX, INC.",BOX
"BRIDGEBIO PHARMA, INC.",BBIO
BRIDGFORD FOODS CORPORATION,BRID
BRIGHT LIGHTS ACQUISITION CORP.,BLTSU
BROADCOM INC.,AVGO
BROADWAY FINANCIAL CORPORATION,BYFC
"BROOKLYN IMMUNOTHERAPEUTICS, INC.",BTX
"C3.AI, INC.",AI
"CADENCE DESIGN SYSTEMS, INC.",CDNS
CADIZ INC.,CDZI
"CAI INTERNATIONAL, INC.",CAI
CALAMP CORP.,CAMP
"CALAVO GROWERS, INC.",CVGW
CALIFORNIA BANCORP,CALB
CALIFORNIA RESOURCES CORPORATION,CRC
CALIFORNIA WATER SERVICE GROUP,CWT
"CALITHERA BIOSCIENCES, INC.",CALA
"CALIX, INC.",CALX
CALLAWAY GOLF COMPANY,ELY
CANOO INC.,GOEV
"CAPRICOR THERAPEUTICS, INC.",CAPR
CAPSTONE GREEN ENERGY CORPORATION,CGRN
"CARDIFF ONCOLOGY, INC.",CRDF
"CAREDX, INC.",CDNA
"CARETRUST REIT, INC.",CTRE
CARNEY TECHNOLOGY ACQUISITION CORP. II,CTAQ
"CARPARTS.COM, INC.",PRTS
"CASTLIGHT HEALTH, INC.",CSLT
"CATALYST BIOSCIENCES, INC.",CBIO
CATHAY GENERAL BANCORP,CATY
CENTRAL GARDEN & PET COMPANY,CENT
CENTRAL VALLEY COMMUNITY BANCORP,CVCY
CERUS CORPORATION,CERS
"CHEGG, INC.",CHGG
"CHEMOCENTRYX, INC.",CCXI
CHEVRON CORPORATION,CVX
"CHIPOTLE MEXICAN GRILL, INC.",CMG
CHROMADEX CORPORATION,CDXC
"CIDARA THERAPEUTICS, INC.",CDTX
"CISCO SYSTEMS, INC.",CSCO
CLASS ACCELERATION CORP.,CLAS
CLEAN ENERGY FUELS CORP.,CLNE
"CLEARPOINT NEURO, INC.",CLPT
"CLOUDERA, INC.",CLDR
"CLOUDFLARE, INC.",NET
"CODEXIS, INC.",CDXS
"COHBAR, INC.",CWBR
"COHERENT, INC.",COHR
"COHERUS BIOSCIENCES, INC.",CHRS
"COHU, INC.",COHU
"COLONY CREDIT REAL ESTATE, INC.",CLNC
COMMUNITY WEST BANCSHARES,CWBC
CONCENTRIX CORPORATION,CNXC
CONTEXTLOGIC INC.,WISH
CORCEPT THERAPEUTICS INCORPORATED,CORT
"CORELOGIC, INC.",DEXR
CORNER GROWTH ACQUISITION CORP.,COOL
"CORNERSTONE ONDEMAND, INC.",CSOD
"CORSAIR GAMING, INC.",CRSR
"CORTEXYME, INC.",CRTX
"CORVUS PHARMACEUTICALS, INC.",CRVS
COUPA SOFTWARE INCORPORATED,COUP
"CRESCENT CAPITAL BDC, INC.",CCAP
"CRINETICS PHARMACEUTICALS, INC.",CRNX
"CROWDSTRIKE HOLDINGS, INC.",CRWD
"CUTERA, INC.",CUTR
CVB FINANCIAL CORP.,CVBF
"CYMABAY THERAPEUTICS, INC.",CBAY
"CYTOKINETICS, INCORPORATED",CYTK
"CYTOMX THERAPEUTICS, INC.",CTMX
DAILY JOURNAL CORPORATION,DJCO
"DARÉ BIOSCIENCE, INC.",DARE
DECARBONIZATION PLUS ACQUISITION CORPORATION,DCRD
DECARBONIZATION PLUS ACQUISITION CORPORATION  II,DCRNW
DECKERS OUTDOOR CORPORATION,DECK
"DEL TACO RESTAURANTS, INC.",TACO
DENALI THERAPEUTICS INC.,DNLI
"DERMTECH, INC.",DMTK
"DEXCOM, INC.",DXCM
"DINE BRANDS GLOBAL, INC.",DIN
"DOCUSIGN, INC.",DOCU
"DOLBY LABORATORIES, INC.",DLB
"DOORDASH, INC.",DASH
"DOUGLAS EMMETT, INC.",DEI
DRAGONEER GROWTH OPPORTUNITIES CORP.,DGNU
DRAGONEER GROWTH OPPORTUNITIES CORP. II,DGNU
"DROPBOX, INC.",DBX
"DSP GROUP, INC.",DSPG
DUCOMMUN INCORPORATED,DCO
DURECT CORPORATION,DRRX
DYNAVAX TECHNOLOGIES CORPORATION,DVAX
"E.L.F. BEAUTY, INC.",ELF
E.MERGE TECHNOLOGY ACQUISITION CORP.,ETAC
"EARGO, INC.",EAR
"EAST WEST BANCORP, INC.",EWBC
EBAY INC.,EBAY
EDISON INTERNATIONAL,EIX
EDWARDS LIFESCIENCES CORPORATION,EW
EGAIN CORPORATION,EGAN
"EHEALTH, INC.",EHTH
"EIGER BIOPHARMACEUTICALS, INC.",EIGR
"EKSO BIONICS HOLDINGS, INC.",EKSO
"EL POLLO LOCO HOLDINGS, INC.",LOCO
ELASTIC N.V.,ESTC
ELECTRONIC ARTS INC.,EA
"ELEDON PHARMACEUTICALS, INC.",ELDN
EMCORE CORPORATION,EMKR
"ENCORE CAPITAL GROUP, INC.",ECPG
ENERGOUS CORPORATION,WATT
"ENERGY RECOVERY, INC.",ERII
ENOCHIAN BIOSCIENCES INC.,ENOB
"ENPHASE ENERGY, INC.",ENPH
ENTRAVISION COMMUNICATIONS CORPORATION,EVC
ENVISTA HOLDINGS CORPORATION,NVST
ENVVENO MEDICAL CORPORATION,NVNO
EPIPHANY TECHNOLOGY ACQUISITION CORP.,EPHY
"EQUILLIUM, INC.",EQ
"EQUINIX, INC.",EQIX
"ESSEX PROPERTY TRUST, INC.",ESS
"EVENTBRITE, INC.",EB
"EVOFEM BIOSCIENCES, INC.",EVFM
"EVOKE PHARMA, INC.",EVOK
"EVOLUS, INC.",EOLS
EXAGEN INC.,XGN
"EXELIXIS, INC",EXEL
"EXPONENT, INC.",EXPO
"FASTLY, INC.",FSLY
FAT BRANDS INC.,FAT
"FATE THERAPEUTICS, INC.",FATE
"FIBROGEN, INC.",FGEN
FIRST AMERICAN FINANCIAL CORPORATION,FAF
FIRST CHOICE BANCORP,PRIVATE
FIRST FOUNDATION INC.,FFWM
"FIRSTHAND TECHNOLOGY VALUE FUND, INC.",SVVC
FISKER INC.,FSR
"FIVE PRIME THERAPEUTICS, INC.",FPRX
"FIVE9, INC.",FIVN
FLUIDIGM CORPORATION,FLDM
"FLUX POWER HOLDINGS, INC.",FLUX
"FORMFACTOR, INC.",FORM
"FORTE BIOSCIENCES, INC.",FBRX
"FORTINET, INC.",FTNT
"FOUR CORNERS PROPERTY TRUST, INC.",FCPT
"FRANKLIN RESOURCES, INC.",BEN
FRANKLIN WIRELESS CORP.,FKWL
"FULGENT GENETICS, INC.",FLGT
GAN LIMITED,GAN
GENASYS INC.,GNSS
"GENIUS BRANDS INTERNATIONAL, INC.",GNUS
"GENMARK DIAGNOSTICS, INC.",GNMK
GERON CORPORATION,GERN
"GIGCAPITAL2, INC.",GIX
"GIGCAPITAL3, INC.",GIK
"GIGCAPITAL4, INC.",GIG
"GILEAD SCIENCES, INC.",GILD
GLAUKOS CORPORATION,GKOS
"GLOBAL BLOOD THERAPEUTICS, INC.",GBT
GLU MOBILE INC.,GLUU
"GOODRX HOLDINGS, INC.",GDRX
"GOPRO, INC.",GPRO
"GORES HOLDINGS V, INC.",GRSVU
"GOSSAMER BIO, INC.",GOSS
GRANITE CONSTRUCTION INCORPORATED,GVA
"GRAYBUG VISION, INC.",GRAY
GREEN DOT CORPORATION,GDOT
GREENBOX POS,GBOX
"GRID DYNAMICS HOLDINGS, INC.",GDYN
"GRITSTONE BIO, INC.",GRTS
GROCERY OUTLET HOLDING CORP.,GO
"GSI TECHNOLOGY, INC.",GSIT
"GUARDANT HEALTH, INC.",GH
"GUARDION HEALTH SCIENCES, INC.",GHSI
"GUESS?, INC.",GES
"GUIDEWIRE SOFTWARE, INC.",GWRE
GUILD HOLDINGS COMPANY,GHLD
"HALOZYME THERAPEUTICS, INC.",HALO
HANMI FINANCIAL CORPORATION,HAFC
HARMONIC INC.,HLIT
"HARPOON THERAPEUTICS, INC.",HARP
"HENNESSY ADVISORS, INC.",HNNA
"HERCULES CAPITAL, INC.",HTGC
HERITAGE COMMERCE CORP,HTBK
HERITAGE GLOBAL INC.,HGBL
"HERON THERAPEUTICS, INC.",HRTX
HF FOODS GROUP INC.,HFFG
"HIMS & HERS HEALTH, INC.",HIMS
HISTOGEN INC.,HSTO
"HOPE BANCORP, INC.",HOPE
"HOULIHAN LOKEY, INC.",HLI
HP INC.,HPQ
"HUDSON PACIFIC PROPERTIES, INC.",HPP
"HUMANIGEN, INC.",HGEN
HYRECAR INC,HYRE
"ICHOR HOLDINGS, LTD.",ICHR
"ICU MEDICAL, INC.",ICUI
"IDEAYA BIOSCIENCES, INC.",IDYA
"IDENTIV, INC.",INVE
"IGM BIOSCIENCES, INC.",IGMS
"ILLUMINA, INC.",ILMN
IMMERSION CORPORATION,IMMR
"IMMUNITYBIO, INC.",IBRX
"IMPAC MORTGAGE HOLDINGS, INC.",IMH
"INARI MEDICAL, INC.",NARI
INFINERA CORPORATION,INFN
"INHIBRX, INC.",INBX
INMUNE BIO INC.,INMB
"INNOVIVA, INC.",INVA
"INOGEN, INC.",INGN
INPHI CORPORATION,IPHI
INPIXON,INPX
"INTAPP, INC.",INTA
INTEL CORPORATION,INTC
"INTERSECT ENT, INC.",XENT
"INTEVAC, INC.",IVAC
INTUIT INC.,INTU
"INTUITIVE SURGICAL, INC.",ISRG
INVITAE CORPORATION,NVTA
"IONIS PHARMACEUTICALS, INC.",IONS
"IOVANCE BIOTHERAPEUTICS, INC.",IOVA
IPOWER INC.,IPW
"IRHYTHM TECHNOLOGIES, INC.",IRTC
IRIDEX CORPORATION,IRIX
"ITERIS, INC.",ITI
JACK IN THE BOX INC.,JACK
"JAGUAR HEALTH, INC.",JAGX
"JAKKS PACIFIC, INC.",JAKK
JFROG LTD.,FROG
JIYA ACQUISITION CORP.,JYAC
"JUNIPER NETWORKS, INC.",JNPR
KAISER ALUMINUM CORPORATION,KALU
KB HOME,KBH
"KENNEDY-WILSON HOLDINGS, INC.",KW
"KEYSIGHT TECHNOLOGIES, INC.",KEYS
"KEZAR LIFE SCIENCES, INC.",KZR
KILROY REALTY CORPORATION,KRC
"KINDRED BIOSCIENCES, INC.",KIN
KINNATE BIOPHARMA INC.,KNTE
KINS TECHNOLOGY GROUP INC.,KINZ
"KINTARA THERAPEUTICS, INC.",KTRA
KLA CORPORATION,KLAC
KLUDELN I ACQUISITON CORP.,INKAU
KODIAK SCIENCES INC.,KOD
KORN FERRY,KFY
"KRONOS BIO, INC.",KRON
"KURA ONCOLOGY, INC.",KURA
"KURA SUSHI USA, INC.",KRUS
LAM RESEARCH CORPORATION,LRCX
LANDEC CORPORATION,LNDC
LANDSEA HOMES CORPORATION,LSEA
"LANTRONIX, INC.",LTRX
LEAF GROUP LTD.,LEAF
LENDINGCLUB CORPORATION,LC
LEVI STRAUSS & CO.,LEVI
LIGAND PHARMACEUTICALS INCORPORATED,LGND
LIGHTJUMP ACQUISITION CORPORATION,LJAQU
LIMONEIRA COMPANY,LMNR
"LINEAGE CELL THERAPEUTICS, INC.",LCTX
LIONS GATE ENTERTAINMENT CORP.,LGF
"LIVE NATION ENTERTAINMENT, INC.",LYV
"LIVERAMP HOLDINGS, INC.",RAMP
"LIVEVOX HOLDINGS, INC.",LVOX
"LIVEXLIVE MEDIA, INC.",LIVX
"LOANDEPOT, INC.",LDI
LOGITECH INTERNATIONAL S.A.,LOGI
LPL FINANCIAL HOLDINGS INC.,LPLA
"LTC PROPERTIES, INC.",LTC
"LUCIRA HEALTH, INC.",LHDX
LUMENTUM HOLDINGS INC.,LITE
LUTHER BURBANK CORPORATION,LBC
"LYFT, INC.",LYFT
"MAGNITE, INC.",MGNI
"MANDIANT, INC.",MNDT
MANNKIND CORPORATION,MNKD
"MARAVAI LIFESCIENCES HOLDINGS, INC.",MRVI
"MARCUS & MILLICHAP, INC.",MMI
MARIN SOFTWARE INCORPORATED,MRIN
MARKFORGED HOLDING CORPORATION,MKFG
MARLIN TECHNOLOGY CORPORATION,FINMU
"MARRONE BIO INNOVATIONS, INC.",MBII
MASIMO CORPORATION,MASI
"MATTEL, INC.",MAT
"MAXIM INTEGRATED PRODUCTS, INC.",MXIM
"MAXLINEAR, INC.",MXL
MCAFEE CORP.,MCFE
MCGRATH RENTCORP,MGRC
"MEDALLIA, INC.",MDLA
"MEDIAALPHA, INC.",MAX
"MEDICINOVA, INC.",MNOV
"MEI PHARMA, INC.",MEIP
MERCURY GENERAL CORPORATION,MCY
"METACRINE, INC.",MTCR
"META PLATFORMS, INC.",META
"METROMILE, INC.",MILE
"MIRATI THERAPEUTICS, INC.",MRTX
"MIRUM PHARMACEUTICALS, INC.",MIRM
"MISSION PRODUCE, INC.",AVO
"MITEK SYSTEMS, INC",MITK
"MODEL N, INC.",MODN
"MOLINA HEALTHCARE, INC.",MOH
MONSTER BEVERAGE CORPORATION,MNST
MONTES ARCHIMEDES ACQUISITION CORP.,MAACU
"MONTROSE ENVIRONMENTAL GROUP, INC.",MEG
"MOSYS, INC.",MOSY
"MOTORCAR PARTS OF AMERICA, INC.",MPAA
"MOVING IMAGE TECHNOLOGIES, INC.",MITQ
MULLEN AUTOMOTIVE INC.,MULN
"NANTHEALTH, INC.",NH
"NATURAL ALTERNATIVES INTERNATIONAL, INC.",NAII
NATUS MEDICAL INCORPORATED,NTUS
NEKTAR THERAPEUTICS,NKTR
NEOPHOTONICS CORPORATION,NPTN
"NETAPP, INC.",NTAP
"NETFLIX, INC.",NFLX
"NETGEAR, INC.",NTGR
"NETSOL TECHNOLOGIES, INC.",NTWK
"NEUROCRINE BIOSCIENCES, INC.",NBIX
NEVRO CORP.,NVRO
"NEW RELIC, INC.",NEWR
"NGM BIOPHARMACEUTICALS, INC.",NGM
"NKARTA, INC.",NKTX
"NMI HOLDINGS, INC.",NMIH
"NOVA LIFESTYLE, INC.",NVFY
"NOVABAY PHARMACEUTICALS, INC.",NBY
"NURIX THERAPEUTICS, INC.",NRIX
"NUTANIX, INC.",NTNX
"NUVASIVE, INC.",NUVA
NVIDIA CORPORATION,NVDA
OAK VALLEY BANCORP,OVLY
OAKTREE ACQUISITION CORP. II,OACB
OAKTREE SPECIALTY LENDING CORPORATION,OCSL
"OKTA, INC.",OKTA
"OLEMA PHARMACEUTICALS, INC.",OLMA
"OMNICELL, INC.",OMCL
"ON24, INC.",ONTF
ONCOCYTE CORPORATION,OCX
"ONCTERNAL THERAPEUTICS, INC.",ONCT
"ONE STOP SYSTEMS, INC.",OSS
"ONTRAK, INC.",OTRK
"OOMA, INC.",OOMA
OP BANCORP,OPBK
"OPIANT PHARMACEUTICALS, INC.",OPNT
OPORTUN FINANCIAL CORPORATION,OPRT
"ORGANOVO HOLDINGS, INC.",ONVO
"ORIC PHARMACEUTICALS, INC.",ORIC
"OSI SYSTEMS, INC.",OSIS
"OTONOMY, INC.",OTIC
"OUTSET MEDICAL, INC.",OM
"PACIFIC BIOSCIENCES OF CALIFORNIA, INC.",PACB
PACIFIC MERCANTILE BANCORP,PMBC
"PACIFIC PREMIER BANCORP, INC.",PPBI
PACWEST BANCORP,PACW
"PAGERDUTY, INC.",PD
"PALO ALTO NETWORKS, INC.",PANW
"PALOMAR HOLDINGS, INC.",PLMR
"PAYPAL HOLDINGS, INC.",PYPL
PCB BANCORP,PCB
"PDF SOLUTIONS, INC.",PDFS
"PENNYMAC FINANCIAL SERVICES, INC.",PFSI
"PENUMBRA, INC.",PEN
PERFORMANT FINANCIAL CORPORATION,PFMT
"PERSONALIS, INC.",PSNL
"PETCO HEALTH AND WELLNESS COMPANY, INC.",WOOF
PG&E CORPORATION,PCG
"PHARMACYTE BIOTECH, INC.",PMCB
"PINTEREST, INC.",PINS
"PIXELWORKS, INC.",PXLW
"PLANTRONICS, INC.",POLY
"PLBY GROUP, INC.",PLBY
"PLIANT THERAPEUTICS, INC.",PLRX
"POLAR POWER, INC.",POLA
"POSEIDA THERAPEUTICS, INC.",PSTX
"POSHMARK, INC.",POSH
"POWER INTEGRATIONS, INC.",POWI
"PRESIDIO PROPERTY TRUST, INC.",SQFT
"PRICESMART, INC.",PSMT
PRIME IMPACT ACQUISITION I,PIAI
"PRO-DEX, INC.",PDEX
"PROGENITY, INC.",PROG
"PROLOGIS, INC.",PLD
"PROOFPOINT, INC.",PFPT
PROSPECTOR CAPITAL CORP.,PRSRW
"PROTAGONIST THERAPEUTICS, INC.",PTGX
"PROVIDENT FINANCIAL HOLDINGS, INC.",PROV
"PS BUSINESS PARKS, INC.",PSBZP
PUBLIC STORAGE,PSA
"PUBMATIC, INC.",PUBM
PULMONX CORPORATION,LUNG
"PULSE BIOSCIENCES, INC.",PLSE
"PUMA BIOTECHNOLOGY, INC.",PBYI
"PURE STORAGE, INC.",PSTG
"QAD, INC.",QADA
QELL ACQUISITION CORP.,QELL
QUALCOMM INCORPORATED,QCOM
"QUALIGEN THERAPEUTICS, INC.",QLGN
"QUALYS, INC.",QLYS
QUANTUM CORPORATION,QMCO
QUANTUMSCAPE CORPORATION,QS
QUICKLOGIC CORPORATION,QUIK
QUIDEL CORPORATION,QDEL
"QUINSTREET, INC.",QNST
QUOTIENT TECHNOLOGY INC.,QUOT
"RA MEDICAL SYSTEMS, INC.",RMED
"RADNET, INC.",RDNT
RAMBUS INC.,RMBS
"RAPT THERAPEUTICS, INC.",RAPT
RBB BANCORP,RBB
"READING INTERNATIONAL, INC.",RDI
REALTY INCOME CORPORATION,O
"REDWOOD TRUST, INC.",RWT
REGULUS THERAPEUTICS INC.,RGLS
RELIANCE STEEL & ALUMINUM CO.,RS
RESHAPE LIFESCIENCES INC,RSLS
RESMED INC.,RMD
"RESOURCES CONNECTION, INC.",RGP
RETAIL OPPORTUNITY INVESTMENTS CORP.,ROIC
"REVIVA PHARMACEUTICALS HOLDINGS, INC.",RVPH
"REVOLUTION MEDICINES, INC.",RVMD
"REVOLVE GROUP, INC.",RVLV
"REXFORD INDUSTRIAL REALTY, INC.",REXR
"REZOLUTE, INC.",RZLT
"RF INDUSTRIES, LTD.",RFIL
RH,RH
"RIBBIT LEAP, LTD.",ZIM
"RIGEL PHARMACEUTICALS, INC.",RIGL
"RINGCENTRAL, INC.",RNG
ROBERT HALF INTERNATIONAL INC.,RHI
RODGERS SILICON VALLEY ACQUISITION CORP.,RSVA
"ROKU, INC.",ROKU
"ROSS STORES, INC.",ROST
ROTH CH ACQUISITION I CO.,ROCG
ROTH CH ACQUISITION II CO.,ROCC
"ROVER GROUP, INC.",ROVR
"SABRA HEALTH CARE REIT, INC.",SBRA
"SALESFORCE.COM, INC.",CRM
SANDBRIDGE ACQUISITION CORPORATION,SBG.U
"SANGAMO THERAPEUTICS, INC.",SGMO
SANMINA CORPORATION,SANM
"SATSUMA PHARMACEUTICALS, INC.",STSA
SCIENCE STRATEGIC ACQUISITION CORP. ALPHA,SSAAU
SEASPINE HOLDINGS CORPORATION,SPNE
"SECOND SIGHT MEDICAL PRODUCTS, INC.",EYES
"SEER, INC.",SEER
SEMPRA ENERGY,SRE
SEMTECH CORPORATION,SMTC
"SERVICENOW, INC.",NOW
"SHIFT TECHNOLOGIES, INC.",SFT
"SHOCKWAVE MEDICAL, INC.",SWAV
"SHOTSPOTTER, INC.",SSTI
"SI-BONE, INC.",SIBN
"SIENTRA, INC.",SIEN
SIERRA BANCORP,BSRR
"SILK ROAD MEDICAL, INC.",SILK
SILVERGATE CAPITAL CORPORATION,SI
"SIMPSON MANUFACTURING CO., INC.",SSD
"SIMULATIONS PLUS, INC.",SLP
SITIME CORPORATION,SITM
SJW GROUP,SJW
"SKECHERS U.S.A., INC.",SKX
SKILLZ INC.,SKLZ
"SKYWORKS SOLUTIONS, INC.",SWKS
"SLACK TECHNOLOGIES, INC.",WORK
SNAP INC.,SNAP
"SNOWFLAKE COMPUTING, INC.",SNOW
SOCIAL CAPITAL HEDOSOPHIA HOLDINGS CORP. IV,IPOD
SOCIAL CAPITAL HEDOSOPHIA HOLDINGS CORP. V,IPOE
SOCIAL CAPITAL HEDOSOPHIA HOLDINGS CORP. VI,IPOF
"SOCKET MOBILE, INC.",SCKT
"SOLENO THERAPEUTICS, INC.",SLNO
"SONOS, INC.",SONO
"SORRENTO THERAPEUTICS, INC.",SRNE
SPLUNK INC.,SPLK
"SPRUCE BIOSCIENCES, INC.",SPRB
"SQUARE, INC.",OXSQ
"SRAX, INC.",SRAX
STAAR SURGICAL COMPANY,STAA
STABLE ROAD ACQUISITION CORP.,SRAC
STAMPS.COM INC.,STMP
"STITCH FIX, INC.",SFIX
"SUMMIT WIRELESS TECHNOLOGIES, INC.",WISA
"SUMO LOGIC, INC.",SUMO
SUNPOWER CORPORATION,SPWR
SUNRUN INC.,RUN
"SUNSTONE HOTEL INVESTORS, INC.",SHO
"SUNWORKS, INC.",SUNW
"SUPER LEAGUE GAMING, INC.",SLGG
"SUPER MICRO COMPUTER, INC.",SMCI
SURO CAPITAL CORP.,SSSS
"SUTRO BIOPHARMA, INC.",STRO
SVB FINANCIAL GROUP,SIVB
SVF INVESTMENT CORP.,SVFA
SVMK INC.,SVMK
SYNAPTICS INCORPORATED,SYNA
SYNNEX CORPORATION,SNX
"SYNOPSYS, INC.",SNPS
TAILWIND ACQUISITION CORP.,TWND
TAITRON COMPONENTS INCORPORATED,TAIT
TALIS BIOMEDICAL CORPORATION,TLIS
"TANDEM DIABETES CARE, INC.",TNDM
"TARSUS PHARMACEUTICALS, INC.",TARS
"TATTOOED CHEF, INC.",TTCF
TEJON RANCH CO.,TRC
TELEDYNE TECHNOLOGIES INCORPORATED,TDY
TERADATA CORPORATION,TDC
"TERNS PHARMACEUTICALS, INC.",TERN
TERRENO REALTY CORPORATION,TRNO
"TESLA, INC.",TSLA
"TETRA TECH, INC.",TTEK
THAYER VENTURES ACQUISITION CORPORATION,TVACU
THE CHEESECAKE FACTORY INCORPORATED,CAKE
THE CLOROX COMPANY,CLX
"THE COOPER COMPANIES, INC.",COO
"THE DUCKHORN PORTFOLIO, INC.",NAPA
"THE ENSIGN GROUP, INC.",ENSG
"THE GAP, INC.",GPS
THE INTERGROUP CORPORATION,INTG
THE MACERICH COMPANY,MAC
THE MUSIC ACQUISITION CORPORATION,TMAC
THE NEW HOME COMPANY INC.,NWHM
"THE REALREAL, INC.",REAL
"THE TRADE DESK, INC.",TTD
THE WALT DISNEY COMPANY,DIS
"THERMOGENESIS HOLDINGS, INC.",THMO
"TILLY’S, INC.",TLYS
"TITAN PHARMACEUTICALS, INC.",TTNP
"TOUGHBUILT INDUSTRIES, INC.",TBLT
"TRACON PHARMACEUTICALS, INC.",TCON
"TRAVERE THERAPEUTICS, INC.",TVTX
"TRICIDA, INC.",TCDAQ
TRICO BANCSHARES,TCBK
TRIMBLE INC.,TRMB
"TRINET GROUP, INC.",TNET
TRIPLEPOINT VENTURE GROWTH BDC CORP.,TPVG
"TROIKA MEDIA GROUP, INC.",TRKA
"TRUECAR, INC.",TRUE
"TTM TECHNOLOGIES, INC.",TTMI
"TURNING POINT THERAPEUTICS, INC.",TPTX
TUTOR PERINI CORPORATION,TPC
TWC TECH HOLDINGS II CORP.,TWCTU
TWILIO INC.,TWLO
TWIST BIOSCIENCE CORPORATION,TWST
"TWITTER, INC.",PRIVATE
"UBER TECHNOLOGIES, INC.",UBER
"ULTRA CLEAN HOLDINGS, INC.",UCTT
ULTRAGENYX PHARMACEUTICAL INC.,RARE
UNICO AMERICAN CORPORATION,UNAM
UNITED SECURITY BANCSHARES,UBFO
"UNITY BIOTECHNOLOGY, INC.",UBX
UNITY SOFTWARE INC.,U
"UPSTART HOLDINGS, INC.",UPST
UPWORK INC.,UPWK
"VAXART, INC.",VXRT
"VAXCYTE, INC.",PCVX
VECTOR ACQUISITION CORPORATION,VAQC
VEEVA SYSTEMS INC.,VEEV
"VELOCITY FINANCIAL, INC.",VEL
"VELODYNE LIDAR, INC.",VLDR
"VERACYTE, INC.",VCYT
VIANT TECHNOLOGY INC.,DSP
"VIASAT, INC.",VSAT
"VIKING THERAPEUTICS, INC.",VKTX
"VINCERX PHARMA, INC.",VINC
"VIR BIOTECHNOLOGY, INC.",VIR
"VIRACTA THERAPEUTICS, INC.",VIRX
VIRCO MFG. CORPORATION,VIRC
VISA INC.,V
"VISTAGEN THERAPEUTICS, INC.",VTGN
"VMWARE, INC.",VMW
"VOCERA COMMUNICATIONS, INC.",VCRA
"VOLT INFORMATION SCIENCES, INC.",VOLT
WD-40 COMPANY,WDFC
WELLS FARGO & COMPANY,WFC
WESTAMERICA BANCORPORATION,WABC
WESTERN ASSET MORTGAGE CAPITAL CORPORATION,WMC
WESTERN DIGITAL CORPORATION,WDC
"WILLDAN GROUP, INC.",WLDN
"WILLIAMS-SONOMA, INC.",WSM
"WORKDAY, INC.",WDAY
"XENCOR, INC.",XNCR
"XILINX, INC.",XLNX
XOMA CORPORATION,XOMA
XPERI HOLDING CORPORATION,XPER
YELP INC.,YELP
YUCAIPA ACQUISITION CORPORATION,YAC
"ZENDESK, INC.",ZEN
"ZIFF DAVIS, INC.",ZD
ZOGENIX INC.,ZGNX
"ZOOM VIDEO COMMUNICATIONS, INC.",ZM
ZOSANO PHARMA CORPORATION,ZSAN
"ZSCALER, INC.",ZS
"ZUORA, INC.",ZUO
ZYNGA INC.,ZNGA
240 Tech LLC,Private
4M Analytics,PRIVATE
8VC,PRIVATE
Aatonomy,PRIVATE
Abyss Creations,PRIVATE
Academy of Country Music,PRIVATE
Advanex Americas,PRIVATE
Advocado,PRIVATE
AECOM,ACM
AEND Industries,PRIVATE
Aercap U.S. Global Aviation LLC,AER
Aerojet-Rocketdyne Def. Unit,AJRD
"Aeromax Industries, Inc.",PRIVATE
Aerospace & Marine International,PRIVATE
"AeroVironment, Inc.",AVAV
AFC Finishing Systems,PRIVATE
Aging 2.0,PRIVATE
AHV Communities,PRIVATE
Airbrake Technologies,PRIVATE
Albany Farms,PRIVATE
Alfresco Software Inc.,PRIVATE
Align Technology,ALGN
Alpha Paw LLC,PRIVATE
Alpine Electronics,AELEF
Alto Pharmacy (HQ2),PRIVATE
Amazing Magnets,PRIVATE
American Metal Bearing Co.,PRIVATE
American Technology Network (ATN),PRIVATE
Andamiro USA Corp.,PRIVATE
Anomalie,PRIVATE
Anpac Bio-Medical,ANPC
"Aqua Metals, Inc.",AQMS
Arctic Wolf Networks Inc.,PRIVATE
Arcturus Aerospace,PRIVATE
Artificial Intelligence Tech. (AITX),AITX
ASGN Inc.,ASGN
Assertio Therapeutics fka Depomed,ASRT
Astronics Test Systems,ATRO
Astura Medical,Private
AtScale,PRIVATE
Aurora (combined two HQs),AUR
Aviat Networks Inc.,AVNW
"Axiom Memory Solutions, Inc.",PRIVATE
Barrys fka Barry's Bootcamp,PRIVATE
Baswood Inc.,PRIVATE
Bechtel Group,PRIVATE
Bedrock Capital Partners LLC,PRIVATE
Bedrock Sandals,PRIVATE
BH North America,BH
Blue Box Air LLC,PRIVATE
Blue Buffalo (U-Turn),PRIVATE
Bold Patriot Brewing Co.,PRIVATE
Bonelli Doors + Windows,PRIVATE
BroadSpot Imaging Corp.,PRIVATE
Cade Medical,PRIVATE
Callaway / Jack Wolfskin,MODG
Cangshan Cutlery,PRIVATE
Canoo,GOEV
Caring.com,PRIVATE
CBRE Group,CBRE
Charles Schwab,SCHW
Chip 1 Exchange,PRIVATE
Chubbies Shorts Co.,PRIVATE
Cicero Institute,PRIVATE
Circa of America,PRIVATE
CKE (Carl's Jr.),CKR
CloudBees,PRIVATE
CodeBoxx,PRIVATE
Cognito,PRIVATE
Cohesity,PRIVATE
Colony Capital,PRIVATE
Conner Logistics,PRIVATE
CORE Group,CRTG
Core-Mark Holding Co.,CORE
Coyni (GreenBox spinoff),GBOX
CP Technologies,CPSH
Crossfit LLC,PRIVATE
Crowdpurr,PRIVATE
"Cryoport, Inc.",CYRX
DailyWire,PRIVATE
DARVIS,PRIVATE
Dasan Zhone Solutions (DZS),DZSI
DealerSocket,PRIVATE
Dear Media LLC,PRIVATE
Digital Pharmacist,PRIVATE
Digital Realty Trust Inc.,DLR
DIQ SEO,PRIVATE
Directive,PRIVATE
DJO Global,PRIVATE
Dole Food Co.,DOLE
Eagle Creek,PRIVATE
Edelbrock Group,PRIVATE
Educational Media Foundation / Air1,PRIVATE
EnerBlu Inc.,PRIVATE
Energy Service Experts,PRIVATE
Envirotech Vehicles,EVTV
Extreme Networks,EXTR
F45 Training Holdings Inc.,FXLV
FaceFirst Inc.,PRIVATE
"Family Stations, Inc.",PRIVATE
Fantic USA,PRIVATE
FileTrail,PRIVATE
"Finical, Inc.",PRIVATE
First Foundation (bank),FFWM
Flatirons Solutions,PRIVATE
Flexible Funding,PRIVATE
FlexMet fka Calif. Precision Products,PRIVATE
Fox Factory Holding Corp.,FOXF
Ganymede Games,CGAMES
GemCap,0P0000SWH5.F
GetSales,PRIVATE
Gilad&Gilad,PRIVATE
GlobalFoundries Inc.,GFS
GoCheck Kids,PRIVATE
Gold Alliance,PRIVATE
Gordon Ramsey North America,PRIVATE
Green Dot,GDOT
Green Zero Energy,PRIVATE
Grinds LLC,PRIVATE
GrowthPlug,PRIVATE
Guardian Bikes,PRIVATE
GuineaDad,PRIVATE
Gutterglove Inc.,PRIVATE
H.E.R.O.S. Inc.,PRIVATE
Hall technologies,PRIVATE
Hangar Technology,PRIVATE
Happy Joe Coffee,PRIVATE
Haptx fka Axon VR,PRIVATE
Harmonate,PRIVATE
Harmony Outreach Inc.,PRIVATE
Harrow Health,HROW
Healthpeak,PEAK
Helicopter Engine Repair Overhaul,PRIVATE
Hewlett Packard Enterprise (HPE),HPE
HomeLight,PRIVATE
Homestory Doors,PRIVATE
HST Pathways,PRIVATE
Huckleberry Insurance,PRIVATE
"Hyperion Technologies, Inc.",PRIVATE
iFly.vc,PRIVATE
IGM Biosciences HQ of Biz Units,IGMS
Immortals Company,PRIVATE
Incora fka Wesco,WCC
IT Avalon,PRIVATE
JC Ford Co.,PRIVATE
JetSuite Inc.,PRIVATE
Jobvite,PRIVATE
Joe Rogan Experience,PRIVATE
JRS Company,PRIVATE
Juul Labs,PRIVATE
Kaiser Aluminum Corp.,KALU
Keen Horse Training,PRIVATE
Kettle & Fire,PRIVATE
Kimwoven,PRIVATE
Kitsbow,PRIVATE
KLA,KLAC
Krave Jerky,PRIVATE
KVP International Inc.,PRIVATE
Lada Cube,PRIVATE
Landing Platform LLC,PRIVATE
Lehr Automotive,PRIVATE
Lion Real Estate Group,PRIVATE
Localwise,PRIVATE
Lockheed Martin FBM,LMT
Lottery.com (AutoLotto),LTRY
"Luminar Technologies, Inc.",LAZR
Maddox Defense,PRIVATE
Made in Space (aka Redwire),RDW
Markaaz Inc.,PRIVATE
"Marrone Bio Innovations, Inc",MBII
Mary's Gone Crackers,PRIVATE
Master Manufacturing Group,PRIVATE
Maxar Technologies,MAXR
McKesson Corp.,MCK
"MD7, LLC",PRIVATE
MedeAnalytics,PRIVATE
Mercer Global Advisors Inc.,PRIVATE
Merrick Engineering Inc.,PRIVATE
Michael Angelo's Gourmet Foods,PRIVATE
Misfits Gaming Group,PRIVATE
Mithril Capital Management,PRIVATE
"Mitsubishi Motors N.A., Inc.",MMTOF
Montrose Environmental Group,MEG
Moov Technologies,PRIVATE
Mrs. Grossman's,PRIVATE
Musk Foundation,PRIVATE
Mutual UFO Network (MUFON),PRIVATE
Narrow Path Advisors,PRIVATE
"National E&S Insurance Brokers, Inc.",PRIVATE
National Hot Rod Association,PRIVATE
Nature of Wildlife,PRIVATE
Nestle USA,NSRGY
Nexen,002355.KS
NinjaRMM LLV,PRIVATE
Nissei America,6293.T
No Restrictions Entertainment,PRIVATE
"NobelBiz, Inc.",PRIVATE
Noodoe EV,PRIVATE
North Face (VF Corp.),PRIVATE
NortonLifeLock / Symantec,NLOK
"NuZee, Inc.",NUZE
O.W. Lee,PRIVATE
"Ocean Aero, Inc.",PRIVATE
OKIN BPS,PRIVATE
Old Gringo Boots,PRIVATE
Opicity Inc.,PRIVATE
OPSWAT,PRIVATE
Optimal Elite Management LLC,PRIVATE
Optym,PRIVATE
Oracle,ORCL
OrangeGrid,PRIVATE
Orbit Fab,PRIVATE
Orca Capital,PRIVATE
OriginClear Inc.,OCLN
Ovation Fertility Transitions,PRIVATE
Oxeia Biopharmaceuticals,PRIVATE
Pabst Brewing Co.,PRIVATE
Pacific Farms,PRIVATE
Palantir Technologies,PLTR
Panic Plastics,PRIVATE
Panoramic Doors,PRIVATE
Parsons Co.,PSN
PAS MRO,PRIVATE
PayCertify sub. of ProfitPay,PRIVATE
PerceptIn,PRIVATE
Phosphorus Cybersecurity,PRIVATE
Picsart,PRIVATE
Pilot.com,PRIVATE
Pinpoint,PRIVATE
Pipe Technologies,PRIVATE
Plumas Bancorp,PLBC
PolarOnyx,PRIVATE
Precision Medical,PRIVATE
Precision Swiss Products,PRIVATE
Premier Displays & Exhibits Inc.,PRIVATE
Prenexus Health,PRIVATE
Prepaid2Cash,PRIVATE
Price Pump Co.,PRIVATE
Promises Behavioral Health,PRIVATE
Propeller Aero (U-turn from Calif.),PRIVATE
PteroDynamics (R&D HQ),PRIVATE
Puroast Coffee Co. Inc.,PRIVATE
Q Corp,PRIVATE
QQE Summit LLC,PRIVATE
Quality Custom Distribution,PRIVATE
QuestionPro,PRIVATE
"Quetico, LLC",PRIVATE
RaceChip,PRIVATE
Raiders (NFL),PRIVATE
Real Estate Exchange (REX),PRIVATE
Red 6,PRIVATE
Regent Properties HQ2,PRIVATE
Regroup Mass Notification,PRIVATE
Resonant,PRIVATE
ReTech Systems LLC,PRIVATE
Revance Therapeutics Inc.,RVNC
Review Wave,PRIVATE
rfXcel,PRIVATE
RiceBran Technologies,RIBT
Riders Share,PRIVATE
RJR Technologies,PRIVATE
Rooster Teeth,PRIVATE
Saleen Performance Parts,PRIVATE
SaRA Health,SHPAX
"Science 37, Inc.",SNCE
Scollar,PRIVATE
Scorpion,PRIVATE
Shelter Distilling,PRIVATE
ShiftPixy Inc.,PIXY
"ShutterFly, Inc. (HQ2)",PRIVATE
SignEasy,PRIVATE
Silao Tortillera Inc.,PRIVATE
Slice of Sauce,PRIVATE
SlumberYard.com,PRIVATE
Slync.io,PRIVATE
Smart Wires Inc.,GOGRID-SDB.ST
SmartAction,PRIVATE
SmartDraw Software,PRIVATE
Smartrise Engineering,PRIVATE
Smarty-Pits,PRIVATE
SnapDNA,PRIVATE
Snowflake,SNOW
Solvd Health,PRIVATE
Sonim Technologies Inc.,SONM
Sovos Brands,SOVO
Space Channel Inc.,PRIVATE
Space Channel Inc.,PRIVATE
Spectrum Labs,PRIVATE
Spruce Power LLC,SPRU
Stache,PRIVATE
Starbrook Modular,PRIVATE
StemExpress,PRIVATE
Strategic Information Group,PRIVATE
Sunhaven Home,PRIVATE
SureClinical,PRIVATE
Suzuki Marine USA,PRIVATE
Synergy Blue,PRIVATE
Tachyum,PRIVATE
Tailift Material Handling USA,PRIVATE
Tanium,PRIVATE
TaskUs,TASK
TCS Healthcare Technologies,PRIVATE
Tech21,PRIVATE
Tesla,TSLA
The Daily Wire,PRIVATE
The Glock Store - HQ + Manu.,PRIVATE
The Icee Co.,JJSF
The Rubin Report,PRIVATE
theBalm,PRIVATE
Therabody (HQ2),PRIVATE
TOCA Social sub. Of TOCA Football,PRIVATE
Truebill,PRIVATE
TV4 Entertainment,PRIVATE
U.S. Pulmonary Hypertension,PRIVATE
"Universal Electronics, Inc.",UEIC
Unstoppable Domaines,PRIVATE
Upstart Network Inc. (HQ2),UPST
UroDev Medical,PRIVATE
Varo Money Inc.,PRIVATE
Veridia Diagonostics,PRIVATE
Viavi Solutions,VIAV
Vio Security,PRIVATE
Violin Systems,PRIVATE
Walker & Co.,PRIVATE
Weatherby Inc.,PRIVATE
Wedgewood LLC,PRIVATE
Weiss Watch Co.,PRIVATE
Wild Earth,PRIVATE
Wiley X,PRIVATE
William Glen Inc.,PRIVATE
"Win-Win Co,",4949.TWO
Wonolo (HQ2),PRIVATE
Woodward Inc.,WWD
Xcelaero Inc.,PRIVATE
XoJet Aviation,PRIVATE
Yamaha Motor Corp.,YAMHF
Yeezy,PRIVATE
Yogo,PRIVATE
Yoshi,PRIVATE
Zeiss Vision Care,CZMWY
"Zoho, Inc.",PRIVATE
Zoosk,PRIVATE
"Zovio, Inc.",ZVOI
Zox LLC,PRIVATE
ZP Better Together,PRIVATE
ZVRS & Purple Comm.,PRIVATE